{"@": {"\uc624\ub298": {"\ub0a0\uc528": 2, "\uc810\uc2ec": 1}, "\ub0b4\uc77c": {"\ub0a0\uc528": 2, "\uc810\uc2ec": 2, "\uc740": 1, "\uadfc\ubb34": 1, "\uc218\uc5c5": 18, "\ud3f0\ud2b8": 1}, "\uc5b4\uc81c": {"\uc810\uc2ec": 1, "\ub0a0\uc528": 1}, "\uc544\ub2c8": {"\uc5b4\uc81c": 1}, "\uc448": {"\ub97c": 1}, "\ubd07": {"\uc774": 1}, "HTML": {",": 1, "\ubcf4\ub2e4": 1}, "Java": {"\ub294": 1}, "\uace0\uac1d": {"\uc13c\ud130": 1}, "\uadfc\ubb34": {"\uc2dc\uac04": 2}, "\uc9ec\ubf55": {".": 1}, "\ub0b4": {"\uc77c": 2}}, "\uc624\ub298": {"\ub0a0\uc528": {"\ub294": 2}, "\uc810\uc2ec": {"\uc740": 1}}, "\ub0a0\uc528": {"\ub294": {"\ub9d1\uc74c": 2, "\ubaa8\ub984": 1, "\ube44": 1, "\uc5b4\ub5bb\uae4c": 1}}, "\ub294": {"\ub9d1\uc74c": {".": 2}, "\ubaa8\ub984": {".": 1}, "\ube44": {".": 1}, "\uc5b4\ub5bb\uae4c": {"?": 1}, "\uc5b4\ub5a4": {"\uc5b8\uc5b4": 1}, "\ud574\uacb0": {"\ub418\ub098\uc694": 1}}, "\ub0b4\uc77c": {"\ub0a0\uc528": {"\ub294": 2}, "\uc810\uc2ec": {"\uc740": 2}, "\uc740": {"\ud3f0\ud2b8": 1}, "\uadfc\ubb34": {"\uc2dc\uac04": 1}, "\uc218\uc5c5": {"\uc740": 18}, "\ud3f0\ud2b8": {"\ub294": 1}}, "\uc810\uc2ec": {"\uc740": {"\uc9dc\uc7a5": 1, "\uae40\ubc25": 1, "\uc9ec\ubf55": 2, "?": 1}}, "\uc740": {"\uc9dc\uc7a5": {".": 1}, "\uae40\ubc25": {".": 1}, "\uc9ec\ubf55": {".": 2}, "\ud3f0\ud2b8": {".": 1}, "9\uc2dc": {"\ubd80\ud130": 1}, "\ub3d9\uc77c": {".": 1}, "\uc5b4\ub5bb\uac8c": {"\uc9c4\ud589": 1}, "\uba87": {"\uc2dc": 5}, "18\uc2dc": {"\uae4c\uc9c0\uc785\ub2c8\ub2e4": 13}}, "\uc5b4\uc81c": {"\uc810\uc2ec": {"\uc740": 2}, "\ub0a0\uc528": {"\ub294": 1}}, "\uc544\ub2c8": {"\uc5b4\uc81c": {"\uc810\uc2ec": 1}}, "\uc448": {"\ub97c": {"\ud558\ub124": 1}}, "\ub97c": {"\ud558\ub124": {"!.": 1}}, "\ubd07": {"\uc774": {"\uace0\uac1d": 1}}, "\uc774": {"\uace0\uac1d": {"\uc13c\ud130": 1}}, "\uace0\uac1d": {"\uc13c\ud130": {"\uac00": 1, "\uc758": 1}}, "\uc13c\ud130": {"\uac00": {"\ub420": 1}, "\uc758": {"\uadfc\ubb34": 1}}, "\uac00": {"\ub420": {"\uc218": 1}}, "\ub420": {"\uc218": {"\uc788\uc744\uae4c": 1}}, "\uc218": {"\uc788\uc744\uae4c": {"?": 1}}, "HTML": {",": {"CSS": 1}, "\ubcf4\ub2e4": {"\uc26c\uc6b4\uac00\uc694": 1}}, ",": {"CSS": {",": 1}, "JavaScript": {"\uc758": 1}}, "CSS": {",": {"JavaScript": 1}}, "JavaScript": {"\uc758": {"\ucc28\uc774\uc810": 1}}, "\uc758": {"\ucc28\uc774\uc810": {".": 1}, "\uadfc\ubb34": {"\uc2dc\uac04": 1}}, "Java": {"\ub294": {"\uc5b4\ub5a4": 1}}, "\uc5b4\ub5a4": {"\uc5b8\uc5b4": {"\uc778\uac00\uc694": 1}}, "\uc5b8\uc5b4": {"\uc778\uac00\uc694": {"?": 1}}, "\ubcf4\ub2e4": {"\uc26c\uc6b4\uac00\uc694": {"?": 1}}, "\uadfc\ubb34": {"\uc2dc\uac04": {"\uc740": 2, ".": 2}}, "\uc2dc\uac04": {"\uc740": {"?": 1, "9\uc2dc": 1}}, "9\uc2dc": {"\ubd80\ud130": {"12\uc2dc": 1}}, "\ubd80\ud130": {"12\uc2dc": {"\uc785\ub2c8\ub2e4": 1}}, "12\uc2dc": {"\uc785\ub2c8\ub2e4": {".": 1}}, "\uc218\uc5c5": {"\uc740": {"\ub3d9\uc77c": 1, "\uc5b4\ub5bb\uac8c": 1, "\uba87": 5, "18\uc2dc": 13}}, "\uc5b4\ub5bb\uac8c": {"\uc9c4\ud589": {"\ub418\ub098\uc694": 1}}, "\uc9c4\ud589": {"\ub418\ub098\uc694": {"?": 1}}, "\ud3f0\ud2b8": {"\ub294": {"\ud574\uacb0": 1}}, "\ud574\uacb0": {"\ub418\ub098\uc694": {"?": 1}}, "\uba87": {"\uc2dc": {"\uae4c\uc9c0": 5}}, "\uc2dc": {"\uae4c\uc9c0": {"\uc778\uac00\uc694": 5}}, "\uae4c\uc9c0": {"\uc778\uac00\uc694": {"?": 5}}, "18\uc2dc": {"\uae4c\uc9c0\uc785\ub2c8\ub2e4": {".": 13}}, "\ub0b4": {"\uc77c": {"\uc218\uc5c5": 2}}, "\uc77c": {"\uc218\uc5c5": {"\uc740": 2}}}